{"cameraMode":{"drawMode":0,"name":"Shaded","section":"Shading Mode"},"sceneLighting":false,"audioPlay":false,"sceneViewState":{"showFog":true,"showMaterialUpdate":false,"showSkybox":true,"showFlares":true,"showImageEffects":true,"showParticleSystems":true},"in2DMode":false,"pivot":{"x":-0.4394509792327881,"y":0.5999995470046997,"z":-0.4116086959838867},"rotation":{"x":-0.2993437349796295,"y":0.4193417429924011,"z":-0.14871881902217866,"w":-0.8440578579902649},"size":2.2981841564178469,"orthographic":false}